-- phpMyAdmin SQL Dump
-- version 5.2.0
-- https://www.phpmyadmin.net/
--
-- Хост: 127.0.0.1:3306
-- Время создания: Апр 19 2025 г., 03:23
-- Версия сервера: 8.0.30
-- Версия PHP: 7.2.34

SET SQL_MODE = "NO_AUTO_VALUE_ON_ZERO";
START TRANSACTION;
SET time_zone = "+00:00";


/*!40101 SET @OLD_CHARACTER_SET_CLIENT=@@CHARACTER_SET_CLIENT */;
/*!40101 SET @OLD_CHARACTER_SET_RESULTS=@@CHARACTER_SET_RESULTS */;
/*!40101 SET @OLD_COLLATION_CONNECTION=@@COLLATION_CONNECTION */;
/*!40101 SET NAMES utf8mb4 */;

--
-- База данных: `demo_system`
--

-- --------------------------------------------------------

--
-- Структура таблицы `logs`
--

CREATE TABLE `logs` (
  `id` int NOT NULL,
  `user_id` int DEFAULT NULL,
  `action` text,
  `timestamp` datetime DEFAULT CURRENT_TIMESTAMP
) ENGINE=InnoDB DEFAULT CHARSET=utf8mb4 COLLATE=utf8mb4_0900_ai_ci;

--
-- Дамп данных таблицы `logs`
--

INSERT INTO `logs` (`id`, `user_id`, `action`, `timestamp`) VALUES
(1, 3, 'Авторизация', '2025-04-19 01:58:01'),
(2, 3, 'Авторизация', '2025-04-19 02:04:53'),
(3, 3, 'Авторизация', '2025-04-19 02:07:29'),
(4, 3, 'Авторизация', '2025-04-19 02:09:10'),
(5, 3, 'Авторизация', '2025-04-19 02:11:05'),
(6, 3, 'Авторизация', '2025-04-19 02:12:32'),
(7, 3, 'Авторизация', '2025-04-19 02:15:08'),
(8, 3, 'Авторизация', '2025-04-19 02:15:27'),
(9, 3, 'Авторизация', '2025-04-19 02:18:32'),
(10, 1, 'Авторизация', '2025-04-19 02:19:00'),
(11, 1, 'Отправил заявку: jhdf', '2025-04-19 02:19:07'),
(12, 3, 'Авторизация', '2025-04-19 02:19:20'),
(13, 3, 'Авторизация', '2025-04-19 02:23:51'),
(14, 3, 'Авторизация', '2025-04-19 02:24:50'),
(15, 1, 'Авторизация', '2025-04-19 02:25:17'),
(16, 1, 'Отправил заявку: мама (DOC-20250419-0012)', '2025-04-19 02:25:26'),
(17, 3, 'Авторизация', '2025-04-19 02:25:49'),
(18, 3, 'Авторизация', '2025-04-19 02:30:21'),
(19, 3, 'Авторизация', '2025-04-19 02:31:06'),
(20, 3, 'Авторизация', '2025-04-19 02:32:57'),
(21, 3, 'Авторизация', '2025-04-19 02:34:23'),
(22, 3, 'Авторизация', '2025-04-19 02:35:50'),
(23, 3, 'Экспортировал в Excel: report_20250419_023713.xlsx', '2025-04-19 02:37:13'),
(24, 3, 'Обновил заявку #1', '2025-04-19 02:38:09'),
(25, 1, 'Авторизация', '2025-04-19 02:38:30'),
(26, 3, 'Авторизация', '2025-04-19 02:42:08'),
(27, 3, 'Авторизация', '2025-04-19 02:51:59'),
(28, 3, 'Добавил заявку: ыкер (DOC-20250419-025213)', '2025-04-19 02:52:13'),
(29, 3, 'Добавил заявку: укп (DOC-20250419-025227)', '2025-04-19 02:52:27'),
(30, 3, 'Экспортировал в Excel: report_20250419_025403.xlsx', '2025-04-19 02:54:03'),
(31, 6, 'Авторизация', '2025-04-19 03:00:18'),
(32, 6, 'Авторизация', '2025-04-19 03:00:23'),
(33, 6, 'Авторизация', '2025-04-19 03:01:01'),
(34, 3, 'Авторизация', '2025-04-19 03:01:49'),
(35, 1, 'Авторизация', '2025-04-19 03:04:30'),
(36, 1, 'Авторизация', '2025-04-19 03:06:58'),
(37, 1, 'Авторизация', '2025-04-19 03:07:18'),
(38, 1, 'Авторизация', '2025-04-19 03:08:44'),
(39, 1, 'Отправил заявку: Получение справки (DOC-20250419-0015)', '2025-04-19 03:08:50'),
(40, 3, 'Авторизация', '2025-04-19 03:09:08'),
(41, 1, 'Авторизация', '2025-04-19 03:10:25'),
(42, 1, 'Авторизация', '2025-04-19 03:13:38'),
(43, 1, 'Заявка: Заявление на отпуск (DOC-20250419-0016)', '2025-04-19 03:14:03'),
(44, 3, 'Авторизация', '2025-04-19 03:14:20'),
(45, 3, 'Экспорт в Excel: report_20250419_031519.xlsx', '2025-04-19 03:15:19'),
(46, 3, 'Авторизация', '2025-04-19 03:16:20'),
(47, 1, 'Авторизация', '2025-04-19 03:16:31'),
(48, 1, 'Авторизация', '2025-04-19 03:18:00'),
(49, 1, 'Заявка: Получение справки (DOC-20250419-0017)', '2025-04-19 03:18:09'),
(50, 3, 'Авторизация', '2025-04-19 03:18:48'),
(51, 3, 'Добавил заявку: dfb (DOC-20250419-031857)', '2025-04-19 03:18:57'),
(52, 3, 'Обновил заявку #3', '2025-04-19 03:19:10'),
(53, 3, 'Удалил заявку #3', '2025-04-19 03:19:14'),
(54, 3, 'Удалил заявку #1', '2025-04-19 03:19:23'),
(55, 3, 'Удалил заявку #2', '2025-04-19 03:19:28'),
(56, 3, 'Удалил заявку #4', '2025-04-19 03:19:34'),
(57, 3, 'Удалил заявку #5', '2025-04-19 03:19:38'),
(58, 3, 'Удалил заявку #6', '2025-04-19 03:19:42'),
(59, 3, 'Удалил заявку #7', '2025-04-19 03:19:45'),
(60, 3, 'Удалил заявку #8', '2025-04-19 03:19:50'),
(61, 3, 'Удалил заявку #9', '2025-04-19 03:19:53'),
(62, 3, 'Удалил заявку #10', '2025-04-19 03:20:02'),
(63, 3, 'Экспортировал в Excel: report_20250419_032029.xlsx', '2025-04-19 03:20:29');

-- --------------------------------------------------------

--
-- Структура таблицы `requests`
--

CREATE TABLE `requests` (
  `id` int NOT NULL,
  `user_id` int DEFAULT NULL,
  `title` varchar(255) DEFAULT NULL,
  `description` text,
  `status` enum('Новая','В обработке','Завершена') DEFAULT 'Новая',
  `created_at` datetime DEFAULT CURRENT_TIMESTAMP,
  `document_number` varchar(50) DEFAULT NULL
) ENGINE=InnoDB DEFAULT CHARSET=utf8mb4 COLLATE=utf8mb4_0900_ai_ci;

--
-- Дамп данных таблицы `requests`
--

INSERT INTO `requests` (`id`, `user_id`, `title`, `description`, `status`, `created_at`, `document_number`) VALUES
(11, 1, 'jhdf', 'amdvkbhe', 'Новая', '2025-04-19 02:19:07', NULL),
(12, 1, 'мама', 'мама', 'Новая', '2025-04-19 02:25:26', 'DOC-20250419-0012'),
(13, 1, 'ыкер', 'укр', 'Новая', '2025-04-19 02:52:13', 'DOC-20250419-025213'),
(14, 1, 'укп', '', 'Новая', '2025-04-19 02:52:27', 'DOC-20250419-025227'),
(15, 1, 'Получение справки', 'kshdvfgv', 'Новая', '2025-04-19 03:08:49', 'DOC-20250419-0015'),
(16, 1, 'Заявление на отпуск', 'укп', 'Новая', '2025-04-19 03:14:03', 'DOC-20250419-0016'),
(17, 1, 'Получение справки', 'g', 'Новая', '2025-04-19 03:18:09', 'DOC-20250419-0017'),
(18, 3, 'dfb', 'dfb', 'Новая', '2025-04-19 03:18:57', 'DOC-20250419-031857');

-- --------------------------------------------------------

--
-- Структура таблицы `topics`
--

CREATE TABLE `topics` (
  `id` int NOT NULL,
  `name` varchar(255) DEFAULT NULL
) ENGINE=InnoDB DEFAULT CHARSET=utf8mb4 COLLATE=utf8mb4_0900_ai_ci;

--
-- Дамп данных таблицы `topics`
--

INSERT INTO `topics` (`id`, `name`) VALUES
(1, 'Выдача паспорта'),
(2, 'Получение справки'),
(3, 'Заявление на отпуск');

-- --------------------------------------------------------

--
-- Структура таблицы `users`
--

CREATE TABLE `users` (
  `id` int NOT NULL,
  `name` varchar(255) DEFAULT NULL,
  `login` varchar(255) DEFAULT NULL,
  `password` varchar(255) DEFAULT NULL,
  `role` enum('user','manager') NOT NULL
) ENGINE=InnoDB DEFAULT CHARSET=utf8mb4 COLLATE=utf8mb4_0900_ai_ci;

--
-- Дамп данных таблицы `users`
--

INSERT INTO `users` (`id`, `name`, `login`, `password`, `role`) VALUES
(1, 'Анна Иванова', 'anna', '1234', 'user'),
(2, 'Иван Петров', 'ivan', '1234', 'user'),
(3, 'Менеджер Ольга', 'manager', '1234', 'manager'),
(4, 'лрума', 'vvv', '123', 'user'),
(5, 'блоуива', 'лруиа', 'лруциа', 'manager'),
(6, '', '', '', 'user');

--
-- Индексы сохранённых таблиц
--

--
-- Индексы таблицы `logs`
--
ALTER TABLE `logs`
  ADD PRIMARY KEY (`id`);

--
-- Индексы таблицы `requests`
--
ALTER TABLE `requests`
  ADD PRIMARY KEY (`id`),
  ADD KEY `user_id` (`user_id`);

--
-- Индексы таблицы `topics`
--
ALTER TABLE `topics`
  ADD PRIMARY KEY (`id`);

--
-- Индексы таблицы `users`
--
ALTER TABLE `users`
  ADD PRIMARY KEY (`id`),
  ADD UNIQUE KEY `login` (`login`);

--
-- AUTO_INCREMENT для сохранённых таблиц
--

--
-- AUTO_INCREMENT для таблицы `logs`
--
ALTER TABLE `logs`
  MODIFY `id` int NOT NULL AUTO_INCREMENT, AUTO_INCREMENT=64;

--
-- AUTO_INCREMENT для таблицы `requests`
--
ALTER TABLE `requests`
  MODIFY `id` int NOT NULL AUTO_INCREMENT, AUTO_INCREMENT=19;

--
-- AUTO_INCREMENT для таблицы `topics`
--
ALTER TABLE `topics`
  MODIFY `id` int NOT NULL AUTO_INCREMENT, AUTO_INCREMENT=4;

--
-- AUTO_INCREMENT для таблицы `users`
--
ALTER TABLE `users`
  MODIFY `id` int NOT NULL AUTO_INCREMENT, AUTO_INCREMENT=7;

--
-- Ограничения внешнего ключа сохраненных таблиц
--

--
-- Ограничения внешнего ключа таблицы `requests`
--
ALTER TABLE `requests`
  ADD CONSTRAINT `requests_ibfk_1` FOREIGN KEY (`user_id`) REFERENCES `users` (`id`);
COMMIT;

/*!40101 SET CHARACTER_SET_CLIENT=@OLD_CHARACTER_SET_CLIENT */;
/*!40101 SET CHARACTER_SET_RESULTS=@OLD_CHARACTER_SET_RESULTS */;
/*!40101 SET COLLATION_CONNECTION=@OLD_COLLATION_CONNECTION */;
